{"cameraMode":{"drawMode":0,"name":"Shaded","section":"Shading Mode"},"sceneLighting":false,"audioPlay":false,"sceneViewState":{"m_AlwaysRefresh":false,"showFog":true,"showSkybox":false,"showFlares":true,"showImageEffects":true,"showParticleSystems":true,"showVisualEffectGraphs":true,"m_FxEnabled":false},"in2DMode":false,"pivot":{"x":-0.3136972486972809,"y":1.0223908424377442,"z":2.2851526737213136},"rotation":{"x":-0.13996441662311555,"y":0.7166692018508911,"z":-0.15051421523094178,"w":-0.6664412617683411},"size":3.2520551681518556,"orthographic":false}