{"cameraMode":{"drawMode":0,"name":"Shaded","section":"Shading Mode"},"sceneLighting":true,"audioPlay":false,"sceneViewState":{"m_AlwaysRefresh":false,"showFog":true,"showSkybox":true,"showFlares":true,"showImageEffects":true,"showParticleSystems":true,"showVisualEffectGraphs":true,"m_FxEnabled":false},"in2DMode":false,"pivot":{"x":-2.7722930908203127,"y":11.997154235839844,"z":124.77472686767578},"rotation":{"x":-0.5576043725013733,"y":-0.17878805100917817,"z":0.12444058805704117,"w":-0.8010256290435791},"size":1868.1759033203125,"orthographic":false}